Project ID,Project Title,Transaction Hash,Date,Amount,Metadata
1300134,Mesh: Cquisitor - Transaction Investigation Tool,c58da6546fef45ec2db7fdf99c12e3247a77e835081098e515968e5f9ebfefd3,2025-10-16,8000,Description: Fund13 Cohort
1300134,Mesh: Cquisitor - Transaction Investigation Tool,6528c318678c53ef46847383f64eb4bcc955712719d3f195d3e0f992665a9858,2025-09-11,40000,Description: Fund13 Cohort
1300134,Mesh: Cquisitor - Transaction Investigation Tool,305c043ca2680154a10bb01f34118d1d7c6c982bbaf0c570eefd7e2ca74a3013,2025-08-14,40000,Description: Fund13 Cohort
1300134,Mesh: Cquisitor - Transaction Investigation Tool,11b89dc820872418193d2b88be69c983e442afa18a9bb6a5acfa11ae8e4811c0,2025-05-27,40000,Description: Fund13 Cohort
1300134,Mesh: Cquisitor - Transaction Investigation Tool,85a3171d405634aa337c972554c4d557fc6f0ced59255605944252108a1de884,2025-01-30,32000,Description: Fund13 Cohort
1300134,Mesh: Cquisitor - Transaction Investigation Tool,339812d4d7bc364b7ebbc90125127d6896c6f7711f9f606341a013039fd9b376,2025-01-22,1,Description: Fund13 Cohort
1300135,Mesh: Hydra Tools for administrating & interacting with Hydra Heads,c58da6546fef45ec2db7fdf99c12e3247a77e835081098e515968e5f9ebfefd3,2025-10-16,8000,Description: Fund13 Cohort
1300135,Mesh: Hydra Tools for administrating & interacting with Hydra Heads,8f2956e9c15f3b4f20cda20ca845ddaf894f50d4ecf094a0cbe15a015b4bd0b5,2025-08-28,40000,Description: Fund13 Cohort
1300135,Mesh: Hydra Tools for administrating & interacting with Hydra Heads,da23226af171165a5b137bb055a4e4f51e95b08eeb2f38cba93f82a621cd0ec9,2025-04-15,40000,Description: Fund13 Cohort
1300135,Mesh: Hydra Tools for administrating & interacting with Hydra Heads,1ac231fb7090528861eb0e7373a2581373c0a8b41fd1cdd217f3a6decb5ce3f2,2025-03-13,40000,Description: Fund13 Cohort
1300135,Mesh: Hydra Tools for administrating & interacting with Hydra Heads,d94bb5660fc55dfe2e08eadf2ce69fc817ec3a8f825dc07fe02c6c3a128fd1a2,2025-02-25,32000,Description: Fund13 Cohort
1300135,Mesh: Hydra Tools for administrating & interacting with Hydra Heads,339812d4d7bc364b7ebbc90125127d6896c6f7711f9f606341a013039fd9b376,2025-01-22,1,Description: Fund13 Cohort